{
	"name": "Word Guesser",
	"short_name": "Word Guesser",
	"description": "Word guesser game",
	"start_url": "index.html",
	"display": "fullscreen",
	"orientation": "portrait",
	"background_color": "#ffffff",
	"icons": [
		{
			"src": "icons/Icon-16.png",
			"sizes": "16x16",
			"type": "image/png"
		},
		{
			"src": "icons/Icon-32.png",
			"sizes": "32x32",
			"type": "image/png"
		},
		{
			"src": "icons/Icon-64.png",
			"sizes": "64x64",
			"type": "image/png"
		},
		{
			"src": "icons/Icon-128.png",
			"sizes": "128x128",
			"type": "image/png"
		},
		{
			"src": "icons/Icon-256.png",
			"sizes": "256x256",
			"type": "image/png"
		},
		{
			"src": "icons/Icon-512.png",
			"sizes": "512x512",
			"type": "image/png"
		}
	]
}