{
    "categories": {
        "silly": [
            {"question": {"SE":"Dela med dig av din bästa fyllehistoria! 🍺", "EN": "Share a drunk story! 🍺"}},
			{"question": {"SE":"Vad skulle du vilja ha med om du var fast på en öde ö? 🌴", "EN": "What would you bring if you were to be stranded on a tropical island? 🌴"}},
			{"question": {"SE":"Tävla i vem som kan rapa högst/längst! 😄", "EN": "Have a barp contest!!! 😄"}},
			{"question": {"SE":"Gör roliga miner utan att skratta!", "EN": "Make funny faces, do not laugh!"}},
			{"question": {"SE":"Peka på den personen du vill lära känna bättre, varför?", "EN": "Point at the person you want to know better! Tell them why!"}},
			{"question": {"SE":"Vem är din idol/hjälte?", "EN": "Who is your hero?"}},
			{"question": {"SE":"Vad är din största rädsla?", "EN": "What is your biggest fear?"}},
			{"question": {"SE":"Vad gör dig riktigt arg?", "EN": "What really makes you angry?"}},
			{"question": {"SE":"Vad motiverar dig att jobba hårt?", "EN":"What motivates you to work hard?"}},
			{"question": {"SE":"Vad är din favoritsak med din karriär?", "EN":"What is your favorite thing about your career?"}},
			{"question": {"SE":"Vad är det sämsta med ditt jobb?", "EN":"What is your biggest complaint about your job?"}},
			{"question": {"SE":"Vilken är din stoltaste prestation?", "EN":"What is your proudest accomplishment?"}},
			{"question": {"SE":"Vilken är din favoritbok att läsa?", "EN":"What is your favorite book to read?"}},
			{"question": {"SE":"Vad får dig att skratta?", "EN":"What makes you laugh the most?"}},
			{"question": {"SE":"Vilken var den sista biofilmen du såg?\n Vad tycke du?", "EN":"What was the last movie you went to?\n What did you think?"}},
			{"question": {"SE":"Vilken är din favoritsport att titta på och spela?", "EN":"What is your favorite game or sport to watch and play?"}},
			{"question": {"SE":"Vilken låt skulle du sjunga på en kareoke kväll?", "EN":"What would you sing at Karaoke night?"}},
			{"question": {"SE":"Vad skulle du helst göra:\n diska, klippa gräsmattan, städa badrummer eller dammsuga huset?", "EN":"Which would you rather do:\n wash dishes, mow the lawn, clean the bathroom, or vacuum the house?"}},
			{"question": {"SE":"Vem är din favoritförfattare?", "EN":"Who is your favorite author?"}},
			{"question": {"SE":"Har du haft ett smeknamn? Vad var det?", "EN":"Have you ever had a nickname? What is it?"}},
			{"question": {"SE":"Gillar eller ogillar du överaskningar? Varför?", "EN":"Do you like or dislike surprises? Why or why not?"}},
			{"question": {"SE":"Vilka är dina hobbys?", "EN":"What are your hobbies?"}},
			{"question": {"SE":"Vilken är den bästa presenten du fått?", "EN":"What is the best gift you have been given?"}},
			{"question": {"SE":"Vilken är den sämsta presenten du fått?", "EN":"What is the worst gift you have received?"}},
			{"question": {"SE":"Förutom nödvändigheter, vilken sak kan du inte gå en dag utan?", "EN":"Aside from necessities, what one thing could you not go a day without?"}},
			{"question": {"SE":"Hur många par skor äger du?", "EN":"How many pairs of shoes do you own?"}},
			{"question": {"SE":"Om du var en superhjälte, vilka superkrafter skulle du ha?", "EN":"If you were a super-hero, what powers would you have?"}},
			{"question": {"SE":"Vilket är ditt favoritdjur på zoo?", "EN":"What's your favorite zoo animal?"}},
			{"question": {"SE":"Om du kunde dela en måltid med 4 personer, levande eller döda, vilka skulle det vara?", "EN":"If you could share a meal with any 4 individuals, living or dead, who would they be?"}},
			{"question": {"SE":"Hur många kuddar sover du med?", "EN":"How many pillows do you sleep with?"}},
			{"question": {"SE":"Hur länge har du gått utan sömn (och varför?!)", "EN":"What's the longest you've gone without sleep (and why)?"}},
			{"question": {"SE":"Skulle du helst byta intellekt mot snygghet, eller snygghet mot intellekt?", "EN":"Would you rather trade intelligence for looks or looks for intelligence?"}},
			{"question": {"SE":"Hur ofta köper du kläder?", "EN":"How often do you buy clothes?"}},
			{"question": {"SE":"Vilken var den sista boken du läste?", "EN":"What was the last book you read?"}},
			{"question": {"SE":"Är du pedantisk eller rörig?", "EN":"Are you a clean or messy person?"}},
			{"question": {"SE":"Hur lång tid tar det för dig att göra dig klar på morgonen?", "EN":"How long does it take you to get ready in the morning?"}},
			{"question": {"SE":"Vilken är din favorit fast-food kedja?", "EN":"What's your favorite fast food chain?"}},
			{"question": {"SE":"Älskar eller hatar du berg- och dalbanor?", "EN":"Do you love or hate rollercoasters?"}},
			{"question": {"SE":"Är ditt glas halvfullt eller halvtomt?", "EN":"Is your glass half full or half empty?"}},
			{"question": {"SE":"Vad är det konstigaste du har ätit?", "EN":"What's the most unusual thing you've ever eaten?"}},
			{"question": {"SE":"Samlar du på något?", "EN":"Do you collect anything?"}},
			{"question": {"SE":"Är det något du önskar kom tillbaka i mode?", "EN":"Is there anything you wished would come back into fashion?"}},
			{"question": {"SE":"Om du hade en varningstext, vad skulle din säga?", "EN":"If you had a warning label, what would yours say?"}}
			
			
        ],
        "travel": [
            {"question":{"SE":"Vad är din favorit destination?\n\n Dela ditt bästa tips!", "EN":"What is your favorite destination?\n\nShare your best tips!"}},
            {"question":{"SE":"Vad är det bästa sättet att resa på?\n Förklara varför!\n\n🚀 🚕 🚄 🚌 🚗", "EN":"What is the best way to travel?\nexplain why!\n\n🚀 🚕 🚄 🚌 🚗"}},
            {"question":{"SE":"När var första gången du reste utomlands utan dina föräldrar? Vart åkte du?", "EN":"When was the first time you went abroad without your parents? Where did you travel and why?"}},
			{"question":{"SE":"I vilka länder har du vartt hittills?", "EN":"To what countries have you been so far?"}},
			{"question":{"SE":"Vilka resmål är på din bucket-list?", "EN":"What destinations are on your bucket list?"}},
			{"question":{"SE":"Om du var tvungen att välja, stranden eller fjällen?", "EN":"If you had to choose, the beach or the mountains?"}},
			{"question":{"SE":"Vem skulle du vilja vara fast med på en öde ö?", "EN":"Who would you want to be stranded with on a deserted island?"}},
			{"question":{"SE":"Om du kunde åka tillbaka i tiden, vilket år skulle du åka till?", "EN":"If you could go back in time, what year would you travel to?"}},
			{"question":{"SE":"Vilken är den högsta byggnanden du vart i toppen av?", "EN":"What's the tallest building you've been to the top in?"}}
        ],
		"childhood": [
            {"question":{"SE":"Om du hade en varningstext, vad skulle din säga?", "EN":"Where did you grow up?"}},
            {"question":{"SE":"Om du hade en varningstext, vad skulle din säga?", "EN":"Share a sad memory from your childhood"}},
            {"question":{"SE":"Om du hade en varningstext, vad skulle din säga?", "EN":"Share a happy memory from your childhood"}},
			{"question":{"SE":"Om du hade en varningstext, vad skulle din säga?", "EN":"If you could go back and tell your young self something, what would you say? 🤔"}},
			{"question":{"SE":"Om du hade en varningstext, vad skulle din säga?", "EN":"Where did you go to elementary school? How was your experience?"}},
			{"question":{"SE":"Om du hade en varningstext, vad skulle din säga?", "EN":"Describe your best christmas growing up!"}},
			{"question":{"SE":"Om du hade en varningstext, vad skulle din säga?", "EN":"What did you do on summer breaks?"}},
			{"question":{"SE":"Om du hade en varningstext, vad skulle din säga?", "EN":"Do you regret anything from your childhood?"}},
			{"question":{"SE":"Om du hade en varningstext, vad skulle din säga?", "EN":"What did you want to be when you were growing up?"}},
			{"question":{"SE":"Om du hade en varningstext, vad skulle din säga?", "EN":"How old were you when you learned Santa wasn't real? How did you find out?"}},
			{"question":{"SE":"Om du hade en varningstext, vad skulle din säga?", "EN":"What was your favorite subject in school?"}}
        ],
		"whatif": [
            {"question":{"SE":"Om du hade en varningstext, vad skulle din säga?", "EN":"What would you do if money was not an issue?"}},
            {"question":{"SE":"Om du hade en varningstext, vad skulle din säga?", "EN":"What would you do for a living if you could choose freely?"}},
            {"question":{"SE":"Om du hade en varningstext, vad skulle din säga?", "EN":"What would you do if you were invisible and no one could see you?"}},
			{"question":{"SE":"Om du hade en varningstext, vad skulle din säga?", "EN":"What car would you want if you could pick any?"}},
			{"question":{"SE":"Om du hade en varningstext, vad skulle din säga?", "EN":"What if you could change anything with yourself, what would it be?"}},
			{"question":{"SE":"Om du hade en varningstext, vad skulle din säga?", "EN":"If you could choose to do anything for a day, what would it be?"}},
			{"question":{"SE":"Om du hade en varningstext, vad skulle din säga?", "EN":"If you could hire someone to help you, would it be with cleaning, cooking, or yard work?"}},
			{"question":{"SE":"Om du hade en varningstext, vad skulle din säga?", "EN":"If you could only eat one meal for the rest of your life, what would it be?"}}
        ]
    }
}